{
    "atr_period": 10,
    "atr_multiplier": 3.335672982446293,
    "stop_loss": 3.738982370418912,
    "take_profit": 2.64034867061304
}